fyear,Ticker,CompanyName,conml
2010,PNW,PINNACLE WEST CAPITAL CORP,Pinnacle West Capital Corp
2011,PNW,PINNACLE WEST CAPITAL CORP,Pinnacle West Capital Corp
2012,PNW,PINNACLE WEST CAPITAL CORP,Pinnacle West Capital Corp
2013,PNW,PINNACLE WEST CAPITAL CORP,Pinnacle West Capital Corp
2014,PNW,PINNACLE WEST CAPITAL CORP,Pinnacle West Capital Corp
2015,PNW,PINNACLE WEST CAPITAL CORP,Pinnacle West Capital Corp
2016,PNW,PINNACLE WEST CAPITAL CORP,Pinnacle West Capital Corp
2017,PNW,PINNACLE WEST CAPITAL CORP,Pinnacle West Capital Corp
2018,PNW,PINNACLE WEST CAPITAL CORP,Pinnacle West Capital Corp
2019,PNW,PINNACLE WEST CAPITAL CORP,Pinnacle West Capital Corp
2010,HES,HESS CORP,Hess Corp
2011,HES,HESS CORP,Hess Corp
2012,HES,HESS CORP,Hess Corp
2013,HES,HESS CORP,Hess Corp
2014,HES,HESS CORP,Hess Corp
2015,HES,HESS CORP,Hess Corp
2016,HES,HESS CORP,Hess Corp
2017,HES,HESS CORP,Hess Corp
2018,HES,HESS CORP,Hess Corp
2019,HES,HESS CORP,Hess Corp
2010,AEP,AMERICAN ELECTRIC POWER CO,American Electric Power Co Inc
2011,AEP,AMERICAN ELECTRIC POWER CO,American Electric Power Co Inc
2012,AEP,AMERICAN ELECTRIC POWER CO,American Electric Power Co Inc
2013,AEP,AMERICAN ELECTRIC POWER CO,American Electric Power Co Inc
2014,AEP,AMERICAN ELECTRIC POWER CO,American Electric Power Co Inc
2015,AEP,AMERICAN ELECTRIC POWER CO,American Electric Power Co Inc
2016,AEP,AMERICAN ELECTRIC POWER CO,American Electric Power Co Inc
2017,AEP,AMERICAN ELECTRIC POWER CO,American Electric Power Co Inc
2018,AEP,AMERICAN ELECTRIC POWER CO,American Electric Power Co Inc
2019,AEP,AMERICAN ELECTRIC POWER CO,American Electric Power Co Inc
2010,APA,APA CORP,APA Corporation
2011,APA,APA CORP,APA Corporation
2012,APA,APA CORP,APA Corporation
2013,APA,APA CORP,APA Corporation
2014,APA,APA CORP,APA Corporation
2015,APA,APA CORP,APA Corporation
2016,APA,APA CORP,APA Corporation
2017,APA,APA CORP,APA Corporation
2018,APA,APA CORP,APA Corporation
2019,APA,APA CORP,APA Corporation
2010,CVX,CHEVRON CORP,Chevron Corp
2011,CVX,CHEVRON CORP,Chevron Corp
2012,CVX,CHEVRON CORP,Chevron Corp
2013,CVX,CHEVRON CORP,Chevron Corp
2014,CVX,CHEVRON CORP,Chevron Corp
2015,CVX,CHEVRON CORP,Chevron Corp
2016,CVX,CHEVRON CORP,Chevron Corp
2017,CVX,CHEVRON CORP,Chevron Corp
2018,CVX,CHEVRON CORP,Chevron Corp
2019,CVX,CHEVRON CORP,Chevron Corp
2010,ED,CONSOLIDATED EDISON INC,Consolidated Edison Inc.
2011,ED,CONSOLIDATED EDISON INC,Consolidated Edison Inc.
2012,ED,CONSOLIDATED EDISON INC,Consolidated Edison Inc.
2013,ED,CONSOLIDATED EDISON INC,Consolidated Edison Inc.
2014,ED,CONSOLIDATED EDISON INC,Consolidated Edison Inc.
2015,ED,CONSOLIDATED EDISON INC,Consolidated Edison Inc.
2016,ED,CONSOLIDATED EDISON INC,Consolidated Edison Inc.
2017,ED,CONSOLIDATED EDISON INC,Consolidated Edison Inc.
2018,ED,CONSOLIDATED EDISON INC,Consolidated Edison Inc.
2019,ED,CONSOLIDATED EDISON INC,Consolidated Edison Inc.
2010,CMS,CMS ENERGY CORP,CMS Energy Corp
2011,CMS,CMS ENERGY CORP,CMS Energy Corp
2012,CMS,CMS ENERGY CORP,CMS Energy Corp
2013,CMS,CMS ENERGY CORP,CMS Energy Corp
2014,CMS,CMS ENERGY CORP,CMS Energy Corp
2015,CMS,CMS ENERGY CORP,CMS Energy Corp
2016,CMS,CMS ENERGY CORP,CMS Energy Corp
2017,CMS,CMS ENERGY CORP,CMS Energy Corp
2018,CMS,CMS ENERGY CORP,CMS Energy Corp
2019,CMS,CMS ENERGY CORP,CMS Energy Corp
2010,DTE,DTE ENERGY CO,DTE Energy Co
2011,DTE,DTE ENERGY CO,DTE Energy Co
2012,DTE,DTE ENERGY CO,DTE Energy Co
2013,DTE,DTE ENERGY CO,DTE Energy Co
2014,DTE,DTE ENERGY CO,DTE Energy Co
2015,DTE,DTE ENERGY CO,DTE Energy Co
2016,DTE,DTE ENERGY CO,DTE Energy Co
2017,DTE,DTE ENERGY CO,DTE Energy Co
2018,DTE,DTE ENERGY CO,DTE Energy Co
2019,DTE,DTE ENERGY CO,DTE Energy Co
2010,D,DOMINION ENERGY INC,Dominion Energy Inc
2011,D,DOMINION ENERGY INC,Dominion Energy Inc
2012,D,DOMINION ENERGY INC,Dominion Energy Inc
2013,D,DOMINION ENERGY INC,Dominion Energy Inc
2014,D,DOMINION ENERGY INC,Dominion Energy Inc
2015,D,DOMINION ENERGY INC,Dominion Energy Inc
2016,D,DOMINION ENERGY INC,Dominion Energy Inc
2017,D,DOMINION ENERGY INC,Dominion Energy Inc
2018,D,DOMINION ENERGY INC,Dominion Energy Inc
2019,D,DOMINION ENERGY INC,Dominion Energy Inc
2010,DUK,DUKE ENERGY CORP,Duke Energy Corp
2011,DUK,DUKE ENERGY CORP,Duke Energy Corp
2012,DUK,DUKE ENERGY CORP,Duke Energy Corp
2013,DUK,DUKE ENERGY CORP,Duke Energy Corp
2014,DUK,DUKE ENERGY CORP,Duke Energy Corp
2015,DUK,DUKE ENERGY CORP,Duke Energy Corp
2016,DUK,DUKE ENERGY CORP,Duke Energy Corp
2017,DUK,DUKE ENERGY CORP,Duke Energy Corp
2018,DUK,DUKE ENERGY CORP,Duke Energy Corp
2019,DUK,DUKE ENERGY CORP,Duke Energy Corp
2010,ATO,ATMOS ENERGY CORP,Atmos Energy Corp
2011,ATO,ATMOS ENERGY CORP,Atmos Energy Corp
2012,ATO,ATMOS ENERGY CORP,Atmos Energy Corp
2013,ATO,ATMOS ENERGY CORP,Atmos Energy Corp
2014,ATO,ATMOS ENERGY CORP,Atmos Energy Corp
2015,ATO,ATMOS ENERGY CORP,Atmos Energy Corp
2016,ATO,ATMOS ENERGY CORP,Atmos Energy Corp
2017,ATO,ATMOS ENERGY CORP,Atmos Energy Corp
2018,ATO,ATMOS ENERGY CORP,Atmos Energy Corp
2019,ATO,ATMOS ENERGY CORP,Atmos Energy Corp
2010,XOM,EXXON MOBIL CORP,Exxon Mobil Corp
2011,XOM,EXXON MOBIL CORP,Exxon Mobil Corp
2012,XOM,EXXON MOBIL CORP,Exxon Mobil Corp
2013,XOM,EXXON MOBIL CORP,Exxon Mobil Corp
2014,XOM,EXXON MOBIL CORP,Exxon Mobil Corp
2015,XOM,EXXON MOBIL CORP,Exxon Mobil Corp
2016,XOM,EXXON MOBIL CORP,Exxon Mobil Corp
2017,XOM,EXXON MOBIL CORP,Exxon Mobil Corp
2018,XOM,EXXON MOBIL CORP,Exxon Mobil Corp
2019,XOM,EXXON MOBIL CORP,Exxon Mobil Corp
2010,NEE,NEXTERA ENERGY INC,NextEra Energy Inc
2011,NEE,NEXTERA ENERGY INC,NextEra Energy Inc
2012,NEE,NEXTERA ENERGY INC,NextEra Energy Inc
2013,NEE,NEXTERA ENERGY INC,NextEra Energy Inc
2014,NEE,NEXTERA ENERGY INC,NextEra Energy Inc
2015,NEE,NEXTERA ENERGY INC,NextEra Energy Inc
2016,NEE,NEXTERA ENERGY INC,NextEra Energy Inc
2017,NEE,NEXTERA ENERGY INC,NextEra Energy Inc
2018,NEE,NEXTERA ENERGY INC,NextEra Energy Inc
2019,NEE,NEXTERA ENERGY INC,NextEra Energy Inc
2010,HAL,HALLIBURTON CO,Halliburton Co
2011,HAL,HALLIBURTON CO,Halliburton Co
2012,HAL,HALLIBURTON CO,Halliburton Co
2013,HAL,HALLIBURTON CO,Halliburton Co
2014,HAL,HALLIBURTON CO,Halliburton Co
2015,HAL,HALLIBURTON CO,Halliburton Co
2016,HAL,HALLIBURTON CO,Halliburton Co
2017,HAL,HALLIBURTON CO,Halliburton Co
2018,HAL,HALLIBURTON CO,Halliburton Co
2019,HAL,HALLIBURTON CO,Halliburton Co
2010,HFC,HOLLYFRONTIER CORP,HollyFrontier Corp
2011,HFC,HOLLYFRONTIER CORP,HollyFrontier Corp
2012,HFC,HOLLYFRONTIER CORP,HollyFrontier Corp
2013,HFC,HOLLYFRONTIER CORP,HollyFrontier Corp
2014,HFC,HOLLYFRONTIER CORP,HollyFrontier Corp
2015,HFC,HOLLYFRONTIER CORP,HollyFrontier Corp
2016,HFC,HOLLYFRONTIER CORP,HollyFrontier Corp
2017,HFC,HOLLYFRONTIER CORP,HollyFrontier Corp
2018,HFC,HOLLYFRONTIER CORP,HollyFrontier Corp
2019,HFC,HOLLYFRONTIER CORP,HollyFrontier Corp
2010,CNP,CENTERPOINT ENERGY INC,CenterPoint Energy Inc.
2011,CNP,CENTERPOINT ENERGY INC,CenterPoint Energy Inc.
2012,CNP,CENTERPOINT ENERGY INC,CenterPoint Energy Inc.
2013,CNP,CENTERPOINT ENERGY INC,CenterPoint Energy Inc.
2014,CNP,CENTERPOINT ENERGY INC,CenterPoint Energy Inc.
2015,CNP,CENTERPOINT ENERGY INC,CenterPoint Energy Inc.
2016,CNP,CENTERPOINT ENERGY INC,CenterPoint Energy Inc.
2017,CNP,CENTERPOINT ENERGY INC,CenterPoint Energy Inc.
2018,CNP,CENTERPOINT ENERGY INC,CenterPoint Energy Inc.
2019,CNP,CENTERPOINT ENERGY INC,CenterPoint Energy Inc.
2010,KMI,KINDER MORGAN INC,Kinder Morgan Inc.
2011,KMI,KINDER MORGAN INC,Kinder Morgan Inc.
2012,KMI,KINDER MORGAN INC,Kinder Morgan Inc.
2013,KMI,KINDER MORGAN INC,Kinder Morgan Inc.
2014,KMI,KINDER MORGAN INC,Kinder Morgan Inc.
2015,KMI,KINDER MORGAN INC,Kinder Morgan Inc.
2016,KMI,KINDER MORGAN INC,Kinder Morgan Inc.
2017,KMI,KINDER MORGAN INC,Kinder Morgan Inc.
2018,KMI,KINDER MORGAN INC,Kinder Morgan Inc.
2019,KMI,KINDER MORGAN INC,Kinder Morgan Inc.
2010,EVRG,EVERGY INC,Evergy Inc
2011,EVRG,EVERGY INC,Evergy Inc
2012,EVRG,EVERGY INC,Evergy Inc
2013,EVRG,EVERGY INC,Evergy Inc
2014,EVRG,EVERGY INC,Evergy Inc
2015,EVRG,EVERGY INC,Evergy Inc
2016,EVRG,EVERGY INC,Evergy Inc
2017,EVRG,EVERGY INC,Evergy Inc
2018,EVRG,EVERGY INC,Evergy Inc
2019,EVRG,EVERGY INC,Evergy Inc
2010,MRO,MARATHON OIL CORP,Marathon Oil Corp
2011,MRO,MARATHON OIL CORP,Marathon Oil Corp
2012,MRO,MARATHON OIL CORP,Marathon Oil Corp
2013,MRO,MARATHON OIL CORP,Marathon Oil Corp
2014,MRO,MARATHON OIL CORP,Marathon Oil Corp
2015,MRO,MARATHON OIL CORP,Marathon Oil Corp
2016,MRO,MARATHON OIL CORP,Marathon Oil Corp
2017,MRO,MARATHON OIL CORP,Marathon Oil Corp
2018,MRO,MARATHON OIL CORP,Marathon Oil Corp
2019,MRO,MARATHON OIL CORP,Marathon Oil Corp
2010,ETR,ENTERGY CORP,Entergy Corp.
2011,ETR,ENTERGY CORP,Entergy Corp.
2012,ETR,ENTERGY CORP,Entergy Corp.
2013,ETR,ENTERGY CORP,Entergy Corp.
2014,ETR,ENTERGY CORP,Entergy Corp.
2015,ETR,ENTERGY CORP,Entergy Corp.
2016,ETR,ENTERGY CORP,Entergy Corp.
2017,ETR,ENTERGY CORP,Entergy Corp.
2018,ETR,ENTERGY CORP,Entergy Corp.
2019,ETR,ENTERGY CORP,Entergy Corp.
2010,ES,EVERSOURCE ENERGY,Eversource Energy
2011,ES,EVERSOURCE ENERGY,Eversource Energy
2012,ES,EVERSOURCE ENERGY,Eversource Energy
2013,ES,EVERSOURCE ENERGY,Eversource Energy
2014,ES,EVERSOURCE ENERGY,Eversource Energy
2015,ES,EVERSOURCE ENERGY,Eversource Energy
2016,ES,EVERSOURCE ENERGY,Eversource Energy
2017,ES,EVERSOURCE ENERGY,Eversource Energy
2018,ES,EVERSOURCE ENERGY,Eversource Energy
2019,ES,EVERSOURCE ENERGY,Eversource Energy
2010,NI,NISOURCE INC,NiSource Inc
2011,NI,NISOURCE INC,NiSource Inc
2012,NI,NISOURCE INC,NiSource Inc
2013,NI,NISOURCE INC,NiSource Inc
2014,NI,NISOURCE INC,NiSource Inc
2015,NI,NISOURCE INC,NiSource Inc
2016,NI,NISOURCE INC,NiSource Inc
2017,NI,NISOURCE INC,NiSource Inc
2018,NI,NISOURCE INC,NiSource Inc
2019,NI,NISOURCE INC,NiSource Inc
2010,XEL,XCEL ENERGY INC,Xcel Energy Inc.
2011,XEL,XCEL ENERGY INC,Xcel Energy Inc.
2012,XEL,XCEL ENERGY INC,Xcel Energy Inc.
2013,XEL,XCEL ENERGY INC,Xcel Energy Inc.
2014,XEL,XCEL ENERGY INC,Xcel Energy Inc.
2015,XEL,XCEL ENERGY INC,Xcel Energy Inc.
2016,XEL,XCEL ENERGY INC,Xcel Energy Inc.
2017,XEL,XCEL ENERGY INC,Xcel Energy Inc.
2018,XEL,XCEL ENERGY INC,Xcel Energy Inc.
2019,XEL,XCEL ENERGY INC,Xcel Energy Inc.
2010,OXY,OCCIDENTAL PETROLEUM CORP,Occidental Petroleum Corp
2011,OXY,OCCIDENTAL PETROLEUM CORP,Occidental Petroleum Corp
2012,OXY,OCCIDENTAL PETROLEUM CORP,Occidental Petroleum Corp
2013,OXY,OCCIDENTAL PETROLEUM CORP,Occidental Petroleum Corp
2014,OXY,OCCIDENTAL PETROLEUM CORP,Occidental Petroleum Corp
2015,OXY,OCCIDENTAL PETROLEUM CORP,Occidental Petroleum Corp
2016,OXY,OCCIDENTAL PETROLEUM CORP,Occidental Petroleum Corp
2017,OXY,OCCIDENTAL PETROLEUM CORP,Occidental Petroleum Corp
2018,OXY,OCCIDENTAL PETROLEUM CORP,Occidental Petroleum Corp
2019,OXY,OCCIDENTAL PETROLEUM CORP,Occidental Petroleum Corp
2010,FE,FIRSTENERGY CORP,FirstEnergy Corp.
2011,FE,FIRSTENERGY CORP,FirstEnergy Corp.
2012,FE,FIRSTENERGY CORP,FirstEnergy Corp.
2013,FE,FIRSTENERGY CORP,FirstEnergy Corp.
2014,FE,FIRSTENERGY CORP,FirstEnergy Corp.
2015,FE,FIRSTENERGY CORP,FirstEnergy Corp.
2016,FE,FIRSTENERGY CORP,FirstEnergy Corp.
2017,FE,FIRSTENERGY CORP,FirstEnergy Corp.
2018,FE,FIRSTENERGY CORP,FirstEnergy Corp.
2019,FE,FIRSTENERGY CORP,FirstEnergy Corp.
2010,OKE,ONEOK INC,ONEOK Inc
2011,OKE,ONEOK INC,ONEOK Inc
2012,OKE,ONEOK INC,ONEOK Inc
2013,OKE,ONEOK INC,ONEOK Inc
2014,OKE,ONEOK INC,ONEOK Inc
2015,OKE,ONEOK INC,ONEOK Inc
2016,OKE,ONEOK INC,ONEOK Inc
2017,OKE,ONEOK INC,ONEOK Inc
2018,OKE,ONEOK INC,ONEOK Inc
2019,OKE,ONEOK INC,ONEOK Inc
2010,SRE,SEMPRA ENERGY,Sempra Energy
2011,SRE,SEMPRA ENERGY,Sempra Energy
2012,SRE,SEMPRA ENERGY,Sempra Energy
2013,SRE,SEMPRA ENERGY,Sempra Energy
2014,SRE,SEMPRA ENERGY,Sempra Energy
2015,SRE,SEMPRA ENERGY,Sempra Energy
2016,SRE,SEMPRA ENERGY,Sempra Energy
2017,SRE,SEMPRA ENERGY,Sempra Energy
2018,SRE,SEMPRA ENERGY,Sempra Energy
2019,SRE,SEMPRA ENERGY,Sempra Energy
2010,PPL,PPL CORP,PPL Corp
2011,PPL,PPL CORP,PPL Corp
2012,PPL,PPL CORP,PPL Corp
2013,PPL,PPL CORP,PPL Corp
2014,PPL,PPL CORP,PPL Corp
2015,PPL,PPL CORP,PPL Corp
2016,PPL,PPL CORP,PPL Corp
2017,PPL,PPL CORP,PPL Corp
2018,PPL,PPL CORP,PPL Corp
2019,PPL,PPL CORP,PPL Corp
2010,EXC,EXELON CORP,Exelon Corp
2011,EXC,EXELON CORP,Exelon Corp
2012,EXC,EXELON CORP,Exelon Corp
2013,EXC,EXELON CORP,Exelon Corp
2014,EXC,EXELON CORP,Exelon Corp
2015,EXC,EXELON CORP,Exelon Corp
2016,EXC,EXELON CORP,Exelon Corp
2017,EXC,EXELON CORP,Exelon Corp
2018,EXC,EXELON CORP,Exelon Corp
2019,EXC,EXELON CORP,Exelon Corp
2010,COP,CONOCOPHILLIPS,Conocophillips
2011,COP,CONOCOPHILLIPS,Conocophillips
2012,COP,CONOCOPHILLIPS,Conocophillips
2013,COP,CONOCOPHILLIPS,Conocophillips
2014,COP,CONOCOPHILLIPS,Conocophillips
2015,COP,CONOCOPHILLIPS,Conocophillips
2016,COP,CONOCOPHILLIPS,Conocophillips
2017,COP,CONOCOPHILLIPS,Conocophillips
2018,COP,CONOCOPHILLIPS,Conocophillips
2019,COP,CONOCOPHILLIPS,Conocophillips
2010,PEG,PUBLIC SERVICE ENTRP GRP INC,Public Service Enterprise Group Inc
2011,PEG,PUBLIC SERVICE ENTRP GRP INC,Public Service Enterprise Group Inc
2012,PEG,PUBLIC SERVICE ENTRP GRP INC,Public Service Enterprise Group Inc
2013,PEG,PUBLIC SERVICE ENTRP GRP INC,Public Service Enterprise Group Inc
2014,PEG,PUBLIC SERVICE ENTRP GRP INC,Public Service Enterprise Group Inc
2015,PEG,PUBLIC SERVICE ENTRP GRP INC,Public Service Enterprise Group Inc
2016,PEG,PUBLIC SERVICE ENTRP GRP INC,Public Service Enterprise Group Inc
2017,PEG,PUBLIC SERVICE ENTRP GRP INC,Public Service Enterprise Group Inc
2018,PEG,PUBLIC SERVICE ENTRP GRP INC,Public Service Enterprise Group Inc
2019,PEG,PUBLIC SERVICE ENTRP GRP INC,Public Service Enterprise Group Inc
2010,SLB,SCHLUMBERGER LTD,Schlumberger Ltd
2011,SLB,SCHLUMBERGER LTD,Schlumberger Ltd
2012,SLB,SCHLUMBERGER LTD,Schlumberger Ltd
2013,SLB,SCHLUMBERGER LTD,Schlumberger Ltd
2014,SLB,SCHLUMBERGER LTD,Schlumberger Ltd
2015,SLB,SCHLUMBERGER LTD,Schlumberger Ltd
2016,SLB,SCHLUMBERGER LTD,Schlumberger Ltd
2017,SLB,SCHLUMBERGER LTD,Schlumberger Ltd
2018,SLB,SCHLUMBERGER LTD,Schlumberger Ltd
2019,SLB,SCHLUMBERGER LTD,Schlumberger Ltd
2010,EIX,EDISON INTERNATIONAL,Edison International
2011,EIX,EDISON INTERNATIONAL,Edison International
2012,EIX,EDISON INTERNATIONAL,Edison International
2013,EIX,EDISON INTERNATIONAL,Edison International
2014,EIX,EDISON INTERNATIONAL,Edison International
2015,EIX,EDISON INTERNATIONAL,Edison International
2016,EIX,EDISON INTERNATIONAL,Edison International
2017,EIX,EDISON INTERNATIONAL,Edison International
2018,EIX,EDISON INTERNATIONAL,Edison International
2019,EIX,EDISON INTERNATIONAL,Edison International
2010,SO,SOUTHERN CO,Southern Co (The)
2011,SO,SOUTHERN CO,Southern Co (The)
2012,SO,SOUTHERN CO,Southern Co (The)
2013,SO,SOUTHERN CO,Southern Co (The)
2014,SO,SOUTHERN CO,Southern Co (The)
2015,SO,SOUTHERN CO,Southern Co (The)
2016,SO,SOUTHERN CO,Southern Co (The)
2017,SO,SOUTHERN CO,Southern Co (The)
2018,SO,SOUTHERN CO,Southern Co (The)
2019,SO,SOUTHERN CO,Southern Co (The)
2010,AEE,AMEREN CORP,Ameren Corp
2011,AEE,AMEREN CORP,Ameren Corp
2012,AEE,AMEREN CORP,Ameren Corp
2013,AEE,AMEREN CORP,Ameren Corp
2014,AEE,AMEREN CORP,Ameren Corp
2015,AEE,AMEREN CORP,Ameren Corp
2016,AEE,AMEREN CORP,Ameren Corp
2017,AEE,AMEREN CORP,Ameren Corp
2018,AEE,AMEREN CORP,Ameren Corp
2019,AEE,AMEREN CORP,Ameren Corp
2010,WMB,WILLIAMS COS INC,Williams Cos Inc. (The)
2011,WMB,WILLIAMS COS INC,Williams Cos Inc. (The)
2012,WMB,WILLIAMS COS INC,Williams Cos Inc. (The)
2013,WMB,WILLIAMS COS INC,Williams Cos Inc. (The)
2014,WMB,WILLIAMS COS INC,Williams Cos Inc. (The)
2015,WMB,WILLIAMS COS INC,Williams Cos Inc. (The)
2016,WMB,WILLIAMS COS INC,Williams Cos Inc. (The)
2017,WMB,WILLIAMS COS INC,Williams Cos Inc. (The)
2018,WMB,WILLIAMS COS INC,Williams Cos Inc. (The)
2019,WMB,WILLIAMS COS INC,Williams Cos Inc. (The)
2010,WEC,WEC ENERGY GROUP INC,WEC Energy Group Inc
2011,WEC,WEC ENERGY GROUP INC,WEC Energy Group Inc
2012,WEC,WEC ENERGY GROUP INC,WEC Energy Group Inc
2013,WEC,WEC ENERGY GROUP INC,WEC Energy Group Inc
2014,WEC,WEC ENERGY GROUP INC,WEC Energy Group Inc
2015,WEC,WEC ENERGY GROUP INC,WEC Energy Group Inc
2016,WEC,WEC ENERGY GROUP INC,WEC Energy Group Inc
2017,WEC,WEC ENERGY GROUP INC,WEC Energy Group Inc
2018,WEC,WEC ENERGY GROUP INC,WEC Energy Group Inc
2019,WEC,WEC ENERGY GROUP INC,WEC Energy Group Inc
2010,LNT,ALLIANT ENERGY CORP,Alliant Energy Corp
2011,LNT,ALLIANT ENERGY CORP,Alliant Energy Corp
2012,LNT,ALLIANT ENERGY CORP,Alliant Energy Corp
2013,LNT,ALLIANT ENERGY CORP,Alliant Energy Corp
2014,LNT,ALLIANT ENERGY CORP,Alliant Energy Corp
2015,LNT,ALLIANT ENERGY CORP,Alliant Energy Corp
2016,LNT,ALLIANT ENERGY CORP,Alliant Energy Corp
2017,LNT,ALLIANT ENERGY CORP,Alliant Energy Corp
2018,LNT,ALLIANT ENERGY CORP,Alliant Energy Corp
2019,LNT,ALLIANT ENERGY CORP,Alliant Energy Corp
2010,PXD,PIONEER NATURAL RESOURCES CO,Pioneer Natural Resources Co
2011,PXD,PIONEER NATURAL RESOURCES CO,Pioneer Natural Resources Co
2012,PXD,PIONEER NATURAL RESOURCES CO,Pioneer Natural Resources Co
2013,PXD,PIONEER NATURAL RESOURCES CO,Pioneer Natural Resources Co
2014,PXD,PIONEER NATURAL RESOURCES CO,Pioneer Natural Resources Co
2015,PXD,PIONEER NATURAL RESOURCES CO,Pioneer Natural Resources Co
2016,PXD,PIONEER NATURAL RESOURCES CO,Pioneer Natural Resources Co
2017,PXD,PIONEER NATURAL RESOURCES CO,Pioneer Natural Resources Co
2018,PXD,PIONEER NATURAL RESOURCES CO,Pioneer Natural Resources Co
2019,PXD,PIONEER NATURAL RESOURCES CO,Pioneer Natural Resources Co
2010,DVN,DEVON ENERGY CORP,Devon Energy Corp
2011,DVN,DEVON ENERGY CORP,Devon Energy Corp
2012,DVN,DEVON ENERGY CORP,Devon Energy Corp
2013,DVN,DEVON ENERGY CORP,Devon Energy Corp
2014,DVN,DEVON ENERGY CORP,Devon Energy Corp
2015,DVN,DEVON ENERGY CORP,Devon Energy Corp
2016,DVN,DEVON ENERGY CORP,Devon Energy Corp
2017,DVN,DEVON ENERGY CORP,Devon Energy Corp
2018,DVN,DEVON ENERGY CORP,Devon Energy Corp
2019,DVN,DEVON ENERGY CORP,Devon Energy Corp
2010,VLO,VALERO ENERGY CORP,Valero Energy Corp
2011,VLO,VALERO ENERGY CORP,Valero Energy Corp
2012,VLO,VALERO ENERGY CORP,Valero Energy Corp
2013,VLO,VALERO ENERGY CORP,Valero Energy Corp
2014,VLO,VALERO ENERGY CORP,Valero Energy Corp
2015,VLO,VALERO ENERGY CORP,Valero Energy Corp
2016,VLO,VALERO ENERGY CORP,Valero Energy Corp
2017,VLO,VALERO ENERGY CORP,Valero Energy Corp
2018,VLO,VALERO ENERGY CORP,Valero Energy Corp
2019,VLO,VALERO ENERGY CORP,Valero Energy Corp
2010,EOG,EOG RESOURCES INC,EOG Resources Inc.
2011,EOG,EOG RESOURCES INC,EOG Resources Inc.
2012,EOG,EOG RESOURCES INC,EOG Resources Inc.
2013,EOG,EOG RESOURCES INC,EOG Resources Inc.
2014,EOG,EOG RESOURCES INC,EOG Resources Inc.
2015,EOG,EOG RESOURCES INC,EOG Resources Inc.
2016,EOG,EOG RESOURCES INC,EOG Resources Inc.
2017,EOG,EOG RESOURCES INC,EOG Resources Inc.
2018,EOG,EOG RESOURCES INC,EOG Resources Inc.
2019,EOG,EOG RESOURCES INC,EOG Resources Inc.
2010,COG,CABOT OIL & GAS CORP,Cabot Oil & Gas Corp
2011,COG,CABOT OIL & GAS CORP,Cabot Oil & Gas Corp
2012,COG,CABOT OIL & GAS CORP,Cabot Oil & Gas Corp
2013,COG,CABOT OIL & GAS CORP,Cabot Oil & Gas Corp
2014,COG,CABOT OIL & GAS CORP,Cabot Oil & Gas Corp
2015,COG,CABOT OIL & GAS CORP,Cabot Oil & Gas Corp
2016,COG,CABOT OIL & GAS CORP,Cabot Oil & Gas Corp
2017,COG,CABOT OIL & GAS CORP,Cabot Oil & Gas Corp
2018,COG,CABOT OIL & GAS CORP,Cabot Oil & Gas Corp
2019,COG,CABOT OIL & GAS CORP,Cabot Oil & Gas Corp
2010,AES,AES CORP (THE),AES Corp (The)
2011,AES,AES CORP (THE),AES Corp (The)
2012,AES,AES CORP (THE),AES Corp (The)
2013,AES,AES CORP (THE),AES Corp (The)
2014,AES,AES CORP (THE),AES Corp (The)
2015,AES,AES CORP (THE),AES Corp (The)
2016,AES,AES CORP (THE),AES Corp (The)
2017,AES,AES CORP (THE),AES Corp (The)
2018,AES,AES CORP (THE),AES Corp (The)
2019,AES,AES CORP (THE),AES Corp (The)
2010,FTI,TECHNIPFMC PLC,TechnipFMC plc
2011,FTI,TECHNIPFMC PLC,TechnipFMC plc
2012,FTI,TECHNIPFMC PLC,TechnipFMC plc
2013,FTI,TECHNIPFMC PLC,TechnipFMC plc
2014,FTI,TECHNIPFMC PLC,TechnipFMC plc
2015,FTI,TECHNIPFMC PLC,TechnipFMC plc
2016,FTI,TECHNIPFMC PLC,TechnipFMC plc
2017,FTI,TECHNIPFMC PLC,TechnipFMC plc
2018,FTI,TECHNIPFMC PLC,TechnipFMC plc
2019,FTI,TECHNIPFMC PLC,TechnipFMC plc
2014,BKR,BAKER HUGHES CO,Baker Hughes a GE Co
2015,BKR,BAKER HUGHES CO,Baker Hughes a GE Co
2016,BKR,BAKER HUGHES CO,Baker Hughes a GE Co
2017,BKR,BAKER HUGHES CO,Baker Hughes a GE Co
2018,BKR,BAKER HUGHES CO,Baker Hughes a GE Co
2019,BKR,BAKER HUGHES CO,Baker Hughes a GE Co
2010,NOV,NOV INC,NOV Inc
2011,NOV,NOV INC,NOV Inc
2012,NOV,NOV INC,NOV Inc
2013,NOV,NOV INC,NOV Inc
2014,NOV,NOV INC,NOV Inc
2015,NOV,NOV INC,NOV Inc
2016,NOV,NOV INC,NOV Inc
2017,NOV,NOV INC,NOV Inc
2018,NOV,NOV INC,NOV Inc
2019,NOV,NOV INC,NOV Inc
2010,NRG,NRG ENERGY INC,NRG Energy Inc
2011,NRG,NRG ENERGY INC,NRG Energy Inc
2012,NRG,NRG ENERGY INC,NRG Energy Inc
2013,NRG,NRG ENERGY INC,NRG Energy Inc
2014,NRG,NRG ENERGY INC,NRG Energy Inc
2015,NRG,NRG ENERGY INC,NRG Energy Inc
2016,NRG,NRG ENERGY INC,NRG Energy Inc
2017,NRG,NRG ENERGY INC,NRG Energy Inc
2018,NRG,NRG ENERGY INC,NRG Energy Inc
2019,NRG,NRG ENERGY INC,NRG Energy Inc
2010,FANG,DIAMONDBACK ENERGY INC,Diamondback Energy Inc
2011,FANG,DIAMONDBACK ENERGY INC,Diamondback Energy Inc
2012,FANG,DIAMONDBACK ENERGY INC,Diamondback Energy Inc
2013,FANG,DIAMONDBACK ENERGY INC,Diamondback Energy Inc
2014,FANG,DIAMONDBACK ENERGY INC,Diamondback Energy Inc
2015,FANG,DIAMONDBACK ENERGY INC,Diamondback Energy Inc
2016,FANG,DIAMONDBACK ENERGY INC,Diamondback Energy Inc
2017,FANG,DIAMONDBACK ENERGY INC,Diamondback Energy Inc
2018,FANG,DIAMONDBACK ENERGY INC,Diamondback Energy Inc
2019,FANG,DIAMONDBACK ENERGY INC,Diamondback Energy Inc
2010,PSX,PHILLIPS 66,Phillips 66
2011,PSX,PHILLIPS 66,Phillips 66
2012,PSX,PHILLIPS 66,Phillips 66
2013,PSX,PHILLIPS 66,Phillips 66
2014,PSX,PHILLIPS 66,Phillips 66
2015,PSX,PHILLIPS 66,Phillips 66
2016,PSX,PHILLIPS 66,Phillips 66
2017,PSX,PHILLIPS 66,Phillips 66
2018,PSX,PHILLIPS 66,Phillips 66
2019,PSX,PHILLIPS 66,Phillips 66
2010,AWK,AMERICAN WATER WORKS CO INC,American Water Works Co Inc
2011,AWK,AMERICAN WATER WORKS CO INC,American Water Works Co Inc
2012,AWK,AMERICAN WATER WORKS CO INC,American Water Works Co Inc
2013,AWK,AMERICAN WATER WORKS CO INC,American Water Works Co Inc
2014,AWK,AMERICAN WATER WORKS CO INC,American Water Works Co Inc
2015,AWK,AMERICAN WATER WORKS CO INC,American Water Works Co Inc
2016,AWK,AMERICAN WATER WORKS CO INC,American Water Works Co Inc
2017,AWK,AMERICAN WATER WORKS CO INC,American Water Works Co Inc
2018,AWK,AMERICAN WATER WORKS CO INC,American Water Works Co Inc
2019,AWK,AMERICAN WATER WORKS CO INC,American Water Works Co Inc
2010,MPC,MARATHON PETROLEUM CORP,Marathon Petroleum Corp
2011,MPC,MARATHON PETROLEUM CORP,Marathon Petroleum Corp
2012,MPC,MARATHON PETROLEUM CORP,Marathon Petroleum Corp
2013,MPC,MARATHON PETROLEUM CORP,Marathon Petroleum Corp
2014,MPC,MARATHON PETROLEUM CORP,Marathon Petroleum Corp
2015,MPC,MARATHON PETROLEUM CORP,Marathon Petroleum Corp
2016,MPC,MARATHON PETROLEUM CORP,Marathon Petroleum Corp
2017,MPC,MARATHON PETROLEUM CORP,Marathon Petroleum Corp
2018,MPC,MARATHON PETROLEUM CORP,Marathon Petroleum Corp
2019,MPC,MARATHON PETROLEUM CORP,Marathon Petroleum Corp
